0,1
110029,Bobby Abreu
110236,Garret Anderson
110385,Brad Ausmus
110683,Miguel Batista
111072,Henry Blanco
111851,Orlando Cabrera
111867,Miguel Cairo
111904,Mike Cameron
112020,Chris Carpenter
112116,Luis Castillo
112128,Juan Castro
112131,Frank Catalanotto
112526,Bartolo Colon
112736,Craig Counsell
113028,Johnny Damon
113296,Elmer Dessens
113744,Jim Edmonds
114739,Jason Giambi
115135,Ken Griffey Jr.
115210,Mark Grudzielanek
115223,Vladimir Guerrero
115229,Jose Guillen
115629,LaTroy Hawkins
115732,Todd Helton
115817,Livan Hernandez
116034,Trevor Hoffman
116338,Torii Hunter
116380,Raul Ibanez
116414,Jason Isringhausen
116539,Derek Jeter
116662,Andruw Jones
116706,Chipper Jones
116974,Jason Kendall
117244,Paul Konerko
117276,Mark Kotsay
117601,Derrek Lee
117955,Derek Lowe
118158,Ron Mahay
119125,Trever Miller
119154,Kevin Millwood
119215,Brian Moehler
119469,Jamie Moyer
120044,Magglio Ordonez
120074,David Ortiz
120221,Chan Ho Park
120485,Andy Pettitte
120691,Jorge Posada
120903,Manny Ramirez
121074,Edgar Renteria
121096,Dennys Reyes
121125,Arthur Rhodes
121250,Mariano Rivera
121347,Alex Rodriguez
121358,Ivan Rodriguez
121409,Scott Rolen
122644,Matt Stairs
122987,Jeff Suppan
123041,Mike Sweeney
123107,Fernando Tatis
123173,Miguel Tejada
123272,Jim Thome
123387,Brett Tomko
123660,Jason Varitek
123744,Omar Vizquel
123801,Tim Wakefield
124604,Jamey Wright
124748,Gregg Zaun
133160,Randy Winn
133225,Ryan Dempster
133226,Mike Redmond
133321,Alex Cora
133380,Aramis Ramirez
133982,Bob Howry
134181,Adrian Beltre
134260,Bengie Molina
134268,Kerry Wood
134320,Javier Vazquez
134321,Carl Pavano
134341,Jay Payton
135783,Ramon Castro
135784,Placido Polanco
136263,Tim Byrdak
136267,Troy Glaus
136460,Alex Gonzalez
136500,Wes Helms
136600,Bruce Chen
136660,Mark DeRosa
136722,Carlos Guillen
136734,Octavio Dotel
136767,Eric Chavez
136770,J.D. Drew
136780,Mike Lowell
136860,Carlos Beltran
136880,Roy Halladay
137002,Gabe Kapler
137140,Russell Branyan
150009,Ramon Ortiz
150011,Scott Schoeneweis
150020,Jerry Hairston
150021,Darnell McDonald
150029,Jayson Werth
150035,Kyle Farnsworth
150040,Jose Molina
150061,Julio Lugo
150071,Ronnie Belliard
150093,Alfonso Soriano
150100,Pat Burrell
150116,Randy Wolf
150119,Freddy Garcia
150137,Paul Hoover
150148,Rod Barajas
150153,Nelson Figueroa
150178,Jason LaRue
150188,Francisco Cordero
150207,Paul Phillips
150212,Michael Cuddyer
150217,Cristian Guzman
150221,Mike Lincoln
150224,Chad Moeller
150229,A.J. Pierzynski
150249,Kris Benson
150268,Pedro Feliz
150275,Yorvit Torrealba
150277,Doug Davis
150286,Mike Lamb
150289,Carlos Pena
150302,Jason Marquis
150324,Carlos Lee
150337,Kip Wells
150348,John McDonald
150359,A.J. Burnett
150396,Milton Bradley
150398,Geoff Blum
150404,Ted Lilly
150407,Guillermo Mota
150411,Brian Schneider
150414,Jake Westbrook
150421,Ramon Hernandez
150438,Rodrigo Lopez
150439,Gary Matthews
150449,Rick Ankiel
150456,Adam Kennedy
150479,Felipe Lopez
150484,Vernon Wells
204020,Lance Berkman
206551,Melvin Mora
207267,Brad Penny
211041,Ryan Franklin
213680,Mike MacDougal
213711,Jeff Weaver
217096,Barry Zito
217100,Willie Bloomquist
217915,Lew Ford
218595,Chris Woodward
218596,Tim Hudson
218894,Vicente Padilla
219194,Gil Meche
232694,Casey Blake
234194,Buddy Carlyle
235095,Dan Wheeler
236155,Robinson Cancel
239795,Chad Durbin
240694,J.C. Romero
275930,David Eckstein
275933,Scott Downs
276055,Adam Dunn
276056,Danys Baez
276346,Brandon Inge
276351,Jason Grilli
276354,Matt Treanor
276361,Adam Everett
276371,Johan Santana
276376,Nick Johnson
276377,Wily Mo Pena
276514,Kevin Gregg
276519,Jimmy Rollins
276520,Bronson Arroyo
276530,Scott Linebrink
276545,Michael Young
276547,Dewayne Wise
276912,Scot Shields
277405,Justin Miller
277417,Josh Beckett
279571,Matt Belisle
279577,Rafael Furcal
279782,Jon Garland
279824,Mark Buehrle
279827,Humberto Quintero
279913,Corey Patterson
280061,Corky Miller
282332,CC Sabathia
282567,Claudio Vargas
282656,Ben Sheets
284568,Sean Burroughs
285064,Ryan Vogelsong
285068,Cody Ransom
285078,Josh Hamilton
285079,R.A. Dickey
285131,Cesar Izturis
291565,Eric Byrnes
294558,Xavier Nady
324432,Augie Ojeda
325392,Scott Podsednik
329092,Randy Choate
333292,Jack Wilson
333492,Aubrey Huff
334393,Juan Pierre
334492,Joel Pineiro
340192,Marco Scutaro
340393,Ross Gload
346793,Jeremy Affeldt
346795,Endy Chavez
346797,Grant Balfour
346798,Kyle Lohse
346799,Juan Rincon
346801,Brad Thomas
346847,Joe Beimel
346848,John Grabow
346857,Nick Punto
346859,Jason Michaels
346871,Aaron Cook
346874,Juan Uribe
349193,Will Ohman
400010,Jon Rauch
400018,Miguel Olivo
400023,Aaron Rowand
400061,Roy Oswalt
400067,Carlos Silva
400073,Oscar Salazar
400076,Shane Loux
400083,Andres Torres
400085,Ichiro Suzuki
400091,Jack Cust
400095,Erick Almonte
400098,Travis Hafner
400104,Tyler Walker
400121,Victor Martinez
400125,Jesus Colome
400134,Eric Hinske
400139,Cory Aldridge
400140,Wilson Betemit
400141,Horacio Ramirez
400154,Dane Sardinha
400158,Jay Gibbons
400268,J.C. Boscan
400284,Chase Utley
400290,Austin Kearns
400291,Dustin Moseley
405395,Albert Pujols
406874,Joe Nelson
406878,Brian Roberts
407113,Justin Duchscherer
407193,Brandon Lyon
407296,Carlos Zambrano
407297,Juan Cruz
407397,Esteban German
407483,Willie Harris
407487,Juan Rivera
407489,Lyle Overbay
407576,Mike Rivera
407781,Marlon Byrd
407792,Alfredo Amezaga
407793,John Lackey
407797,Nick Green
407798,Ryan Langerhans
407801,Marcus Thames
407812,Matt Holliday
407816,J.J. Putz
407819,Matt Thornton
407822,Jorge De La Rosa
407825,Matt Guerrier
407831,Valentino Pascucci
407832,Wilson Valdez
407833,John Buck
407835,Jason Lane
407842,Jose Veras
407845,Fernando Rodney
407849,Bill Hall
407853,Erik Bedard
407860,Gustavo Chacin
407861,Orlando Hudson
407862,Reed Johnson
407871,Joe Thurston
407885,Mark Ellis
407886,Ryan Ludwick
407890,Colby Lewis
407891,Kevin Mench
407893,Mark Teixeira
407901,Jorge Sosa
407908,Joel Peralta
407924,Manny Acosta
408036,Josh Bard
408042,Gerald Laird
408045,Joe Mauer
408047,Justin Morneau
408050,Michael Ryan
408061,Francisco Rodriguez
408072,Jason Bulger
408108,Freddy Sanchez
408206,Brett Myers
408210,Chone Figgins
408211,Kevin Cash
408212,Gabe Gross
408213,Hank Blalock
408232,Ray Olmedo
408234,Miguel Cabrera
408236,Adrian Gonzalez
408241,Jake Peavy
408242,Wil Nieves
408252,Brandon Phillips
408299,Omar Infante
408305,Jorge Cantu
408306,Rocco Baldelli
408307,Carl Crawford
408310,Aaron Heilman
408312,Mike Jacobs
408314,Jose Reyes
420673,Matt Watson
420864,Randy Flores
421064,Ty Wigginton
421124,Ramon Santiago
421685,Aaron Harang
424144,Oliver Perez
424324,Cliff Lee
424325,David Ross
424726,Jason Bay
424805,Mark Hendrickson
424825,Coco Crisp
425146,Nate Robertson
425206,Jamey Carroll
425226,Brian Tallet
425386,Jeremy Guthrie
425426,Chien-Ming Wang
425446,Aaron Miles
425466,Willie Eyre
425477,Robb Quinlan
425487,Todd Wellemeyer
425491,Ryan Doumit
425492,Ryan Madson
425496,Cody Ross
425506,Jody Gerut
425507,Fernando Cabrera
425508,Ryan Church
425509,Jhonny Peralta
425514,Heath Bell
425530,Brian Stokes
425532,Jerome Williams
425539,Hung-Chih Kuo
425542,Koyie Hill
425543,Josh Wilson
425545,Josh Willingham
425547,Brad Hawpe
425548,Garrett Atkins
425549,Clint Barmes
425556,Laynce Nix
425557,Jeff Baker
425560,Adam LaRoche
425562,Vinnie Chulk
425565,Guillermo Quiroz
425567,Alex Rios
425626,Chris Capuano
425631,Robby Hammock
425634,Mike Hessman
425646,Luis Ayala
425647,D.J. Carrasco
425656,Wilfredo Ledezma
425657,Javier Lopez
425659,Hector Luna
425661,Ronny Paulino
425664,Shane Victorino
425686,Hideki Matsui
425747,Jose Contreras
425766,James Loney
425769,Eliezer Alfonzo
425772,Jeff Mathis
425773,Casey Kotchman
425774,Dallas McPherson
425783,Shin-Soo Choo
425784,Rene Rivera
425785,Greg Dobbs
425786,Scott Atchison
425789,Brian Sweeney
425794,Adam Wainwright
425796,Jeff Francoeur
425818,Boof Bonser
425827,Jeremy Bonderman
425833,Max St. Pierre
425834,B.J. Upton
425835,Chin-hui Tsao
425840,Neal Cotts
425844,Zack Greinke
425848,Rich Harden
425853,Bobby Crosby
425856,Gavin Floyd
425860,Bryan Bullington
425861,Shawn Camp
425877,Yadier Molina
425883,Dontrelle Willis
425900,Dioner Navarro
425902,Prince Fielder
425903,Kevin Youkilis
425904,Luis Antonio Rodriguez
428642,Luis Montanez
429400,Adam Loewen
429440,Edgar Gonzalez
429664,Robinson Cano
429665,Edwin Encarnacion
429666,J.J. Hardy
429667,Ryan Howard
429708,Andy Marte
429710,Chad Tracy
429711,Franklin Gutierrez
429712,Felix Pie
429713,Grady Sizemore
429714,Denny Bautista
429715,Travis Blackley
429717,Dan Haren
429718,Shawn Hill
429719,Edwin Jackson
429720,John Maine
429721,Royce Ring
429722,Ervin Santana
429723,Merkin Valdez
429780,Chris Narveson
429781,Kevin Correia
429841,Matt Diaz
429901,Sergio Mitre
429984,Scott Proctor
429985,Chad Gaudin
430001,Rickie Weeks Jr.
430083,Brian Sanches
430101,Chad Cordero
430203,David DeJesus
430321,Delmon Young
430404,Jonny Gomes
430565,Kazuo Matsui
430574,Mitch Maier
430580,Alfredo Simon
430583,Jason Bartlett
430585,Jason Kubel
430587,Taylor Buchholz
430588,Fernando Nieve
430589,Chad Qualls
430591,Hector Gimenez
430592,Ronny Cedeno
430593,Brendan Harris
430597,Phil Dumatrait
430598,Jeremy Reed
430599,Joe Blanton
430603,Don Kelly
430605,Ryan Raburn
430606,Mike Adams
430611,Corey Hart
430613,Ronald Belisario
430618,Justin Hampson
430622,Cory Sullivan
430630,Jason Frasor
430632,Willy Aybar
430634,Sean Burnett
430636,Ian Snell
430637,Kelly Johnson
430638,Roman Colon
430641,Blaine Boyer
430652,Jason Bourgeois
430654,Brian Bass
430661,Dustin McGowan
430663,Brian Bruney
430664,Casey Daigle
430665,Brandon Medders
430668,Scott Hairston
430673,Ramon E Ramirez
430681,Dan Johnson
430683,Justin Germano
430829,Rich Thompson
430832,Jose Bautista
430838,Willy Taveras
430884,Jesse Crain
430895,Maicer Izturis
430897,Nick Swisher
430900,Michael Wuertz
430904,Paul Maholm
430906,Donnie Murphy
430910,Brayan Pena
430911,David Aardsma
430912,Matt Cain
430917,Mike Fontenot
430930,Fred Lewis
430935,Cole Hamels
430941,George Sherrill
430942,Randy Williams
430945,Adam Jones
430946,Jose Lopez
430947,Erick Aybar
430948,Alberto Callaspo
430950,Brian Gordon
430957,Brad Snyder
430961,Carlos Maldonado
430962,Dustin Nippert
430963,Ramon Pena
430965,Chris Snyder
431094,Aaron Hill
431145,Russell Martin
431148,Scott Kazmir
431151,David Wright
431157,Joey Gathright
431159,Kelly Shoppach
431162,Tim Stauffer
431166,Matt Pagnozzi
431171,Casey McGehee
432928,Luke Scott
432934,Chris Young
433217,Andres Blanco
433578,Lance Cormier
433579,John Danks
433581,Brad Thompson
433582,Conor Jackson
433584,Roberto Hernandez
433585,Jeff Francis
433586,Santiago Casilla
433587,Felix Hernandez
433589,Yusmeiro Petit
433597,Mark Teahen
433657,Dave Bush
433898,Jeff Keppinger
434137,Logan Kensing
434158,Curtis Granderson
434180,Kameron Loe
434181,Brandon League
434298,Todd Coffey
434378,Justin Verlander
434438,Billy Buckner
434442,J.P. Howell
434482,Jesse Carlson
434538,Francisco Liriano
434540,Garrett Jones
434563,Carlos Ruiz
434565,Robinson Tejeda
434567,Geovany Soto
434578,Joe Saunders
434582,Paul McAnulty
434592,Chris Resop
434604,Michael Morse
434619,Enrique Gonzalez
434622,Ubaldo Jimenez
434624,Jayson Nix
434626,Ryan Shealy
434628,Jason Hammel
434629,Chris Seddon
434630,Eli Whiteside
434633,John Baker
434636,Angel Pagan
434637,Matt Lindstrom
434638,Brian Burres
434641,Juan Gutierrez
434643,Wandy Rodriguez
434658,Rajai Davis
434660,Brad Eldred
434661,Nate McLouth
434663,Juan Carlos Oviedo
434665,Nick Masset
434666,Josh Rupe
434668,Manny Delcarmen
434669,Luis Mendoza
434670,Hanley Ramirez
434671,Anibal Sanchez
434672,Chris Smith
434678,Kyle Davies
434679,Anthony Lerew
434681,Pete Orr
434682,Luis Hernandez
434704,Delwyn Young
434705,Jason Repko
434718,Huston Street
434778,Kendrys Morales
434884,Ryan Rowland-Smith
434886,Adam Stern
434939,Ryan Garko
434958,Sean Green
435038,Anderson Hernandez
435041,Carlos Quentin
435043,Zach Duke
435044,Scott Baker
435045,Sergio Santos
435062,Howie Kendrick
435063,Mike Napoli
435064,Bobby Wilson
435065,Reggie Willits
435078,Joaquin Arias
435079,Ian Kinsler
435080,Thomas Diamond
435081,Mike Nickeas
435140,Hayden Penn
435178,Josh Johnson
435179,Scott Olsen
435180,Robert Andino
435181,Jeremy Hermida
435219,Jack Hannahan
435220,Ryan Sweeney
435221,Brandon McCarthy
435222,Josh Fields
435238,Gustavo Molina
435261,Zach Miner
435263,Brian McCann
435279,Adam Greenberg
435298,Jeff Niemann
435358,Yuniesky Betancourt
435400,Jason Motte
435401,Skip Schumaker
435408,Omir Santos
435459,George Kottaras
435520,Jesus Flores
435522,Neil Walker
435538,Bill Bray
435558,Daric Barton
435559,Kurt Suzuki
435560,Omar Quintanilla
435618,Jeremy Accardo
435619,Pat Misch
435620,Jack Taschner
435622,Ian Desmond
435623,Kevin Frandsen
435624,John Bowker
435625,Nate Schierholtz
439664,John Lindsey
440251,Ryan Roberts
440351,Jesus Feliciano
441368,Alberto Castillo
442707,Mark DiFelice
443558,Nelson Cruz
444041,Gil Velazquez
444125,Mike Wilson
444135,Ryan Theriot
444351,Kyle Phillips
444354,Daryl Thompson
444371,Jeff Karstens
444379,John Jaso
444382,Eddie Bonine
444427,Kanekoa Texeira
444430,Wyatt Toregas
444432,Mark Trumbo
444436,Ryan Webb
444444,Mitch Atkins
444446,Collin Balester
444447,Chad Beck
444448,Brian Bixler
444453,Russ Canzler
444468,Hector Rondon
444482,David Peralta
444489,Manny Pina
444520,Craig Breslow
444553,Aneury Rodriguez
444836,Aaron Laffey
444843,Andre Ethier
444844,Jake Fox
444849,Jay Sborz
444857,Scott Feldman
444859,Melky Mesa
444876,Alcides Escobar
444884,Chris Ray
444935,Nick Hagadone
445001,Bobby Cassevah
445055,Jon Jay
445060,Ricky Nolasco
445095,Jason Pridie
445153,Darin Downs
445156,Sean Marshall
445163,Casey Janssen
445169,Landon Powell
445170,Todd Redmond
445177,Deunte Heath
445193,Robert Coello
445196,Matt Tolbert
445197,Mike Dunn
445213,Brandon Kintzler
445216,Daniel McCutchen
445246,Jeff Fulchino
445276,Kenley Jansen
445590,Eric Stults
445599,Scott Moore
445612,Dale Thayer
445615,Max Ramirez
445926,Jesse Chavez
445933,Bryan LaHair
445968,Dana Eveland
445988,Martin Prado
446003,Jairo Asencio
446044,Josh Rodriguez
446099,John Axford
446135,Barret Browning
446185,Logan Ondrusek
446192,Adam Moore
446208,Luis Martinez
446209,Jesse Litsch
446213,Brett Sinkbeil
446225,Ed Easley
446248,Bryan Augenstein
446263,Lucas Duda
446264,Barry Enright
446290,Daniel Moskos
446308,Matt Wieters
446321,Ross Detwiler
446334,Evan Longoria
446345,Michael Taylor
446359,Zack Cozart
446367,Luke Putkonen
446372,Corey Kluber
446373,Tommy Manzella
446381,Darwin Barney
446386,Brandon Guyer
446395,Corey Brown
446399,Brett Cecil
446454,Brian Bannister
446474,Edwin Maysonet
446481,Sean Rodriguez
446560,Rhyne Hughes
446624,Charlie Haeger
446641,Wilton Lopez
446653,Jose Lobaton
446861,Guillermo Moscoso
446868,Wilkin Castillo
446899,Brad Ziegler
446928,Joe Inglett
447714,Eric O'Flaherty
447736,Chris Dickerson
447744,Raul Valdes
447755,Steve Delabar
447816,Angel Sanchez
448147,Nick Blackburn
448159,Manny Parra
448165,Matt Capps
448167,Brandon Mann
448170,Travis Ishikawa
448178,Kevin Jepsen
448179,Rich Hill
448200,Chris Sampson
448242,Tony Gwynn Jr.
448252,Kyle Waldrop
448269,Brad Bergesen
448276,Brett Carroll
448281,Sean Doolittle
448287,Luke French
448296,Ed Lucas
448306,James Shields
448337,Josh Kinney
448602,Mark Reynolds
448605,Justin Ruggiano
448609,Tony Sipp
448614,Carlos Torres
448656,Chad Reineke
448674,Doug Bernier
448676,Ryan Spilborghs
448693,Ross Wolf
448694,Randy Wells
448722,Juan Pablo Perez
448753,Justin Berg
448801,Chris Davis
448802,Jaime Garcia
448842,Frankie De La Cruz
448855,Junior Guerra
448857,Jose Ascanio
449060,Clay Rapada
449072,Kyle McClellan
449079,Wesley Wright
449082,Xavier Paul
449104,Jim Henderson
449107,Mike Aviles
449110,Omar Beltre
449145,Brian Esposito
449161,Mark Rogers
449168,Matt Tuiasosopo
449170,Erik Cordier
449172,Greg Golson
449173,Lucas Harrell
449181,Paulo Orlando
449471,Brian Barden
449786,Carlos Corporan
449820,Leo Rosales
450172,Edinson Volquez
450192,Luke Carlin
450203,Charlie Morton
450204,Ben Francisco
450212,Pat Neshek
450260,Kevin Kouzmanoff
450275,Mark Lowe
450282,Glen Perkins
450300,Drew Sutton
450306,Jason Vargas
450308,Jered Weaver
450314,Ben Zobrist
450315,Brandon Allen
450317,J.P. Arencibia
450351,C.J. Wilson
450527,Alex Hinshaw
450545,Doug Mathis
450580,Dustin Richardson
450641,Quintin Berry
450665,Kris Medlen
450729,Doug Fister
450832,Jesse English
450852,Cristhian Martinez
450855,Mauro Gomez
450864,Bobby Cramer
451075,David Martinez
451085,Brian Matusz
451088,Justin Sellers
451089,Shane Peterson
451109,Brett Hayes
451132,Cory Burns
451143,Mat Gamel
451186,Lastings Milledge
451188,Andy LaRoche
451192,Jim Adduci
451198,Cole Garner
451216,Brian Wilson
451259,Dusty Brown
451482,Armando Galarraga
451500,Kila Ka'aihue
451532,Chad Billingsley
451584,Wade Davis
451585,Sam Demel
451594,Dexter Fowler
451595,Sean Gallagher
451596,Yovani Gallardo
451600,Christian Garcia
451628,Alfredo Figaro
451629,Justin Christian
451650,Rommie Lewis
451661,Josh Fields
451687,Micah Hoffpauir
451705,Alberto Rosario
451713,Carlos Peguero
451773,Dane De La Rosa
451775,Fernando Rodriguez Jr.
451783,Dustin Molleken
451788,Shaun Marcum
451990,Jose G. Valdez
452027,Andrew Albers
452035,Kyle Blanks
452061,Zach Phillips
452080,Chris Carter
452095,Tyler Flowers
452096,Darren Ford
452104,Chase Headley
452105,John Hester
452121,Brent Lillibridge
452150,Ryan Budde
452199,Russell Mitchell
452215,Luke Montz
452220,Stephen Drew
452221,Eric Patterson
452232,Jason Jaramillo
452234,Seth Smith
452237,Taylor Tankersley
452238,Brad Davis
452239,Justin Maxwell
452240,Adam Russell
452241,Garrett Mock
452249,Micah Owings
452252,Adam Lind
452254,Hunter Pence
452259,Steven Jackson
452293,Jonathan Albaladejo
452655,Denard Span
452657,Jon Lester
452666,Tom Wilhelmsen
452671,Diory Hernandez
452672,Ryan Hanigan
452676,Mitch Talbot
452678,Asdrubal Cabrera
452718,Kyle Kendrick
452722,Steven Lerud
452733,Tom Gorzelanny
452737,Chris Schwinden
452741,Michael Stutes
452764,Chris Carpenter
452783,Nick Evans
453056,Jacoby Ellsbury
453064,Troy Tulowitzki
453068,Mike Costanzo
453156,Brooks Brown
453172,Jared Hughes
453178,Ian Kennedy
453181,Matt LaPorta
453184,Brad Lincoln
453186,Scott Maine
453192,Andrew Miller
453198,Chris Perez
453203,Shane Robinson
453211,Drew Stubbs
453214,Steven Wright
453222,Scott Carroll
453228,Jason Donald
453232,Graham Godfrey
453236,Mark Hamilton
453241,Kris Johnson
453249,Jeff Manship
453256,Eddy Rodriguez
453264,Donnie Veal
453265,Tony Watson
453268,Daniel Bard
453269,Brennan Boesch
453273,Michael Crotta
453281,Wade LeBlanc
453284,Blake Parker
453286,Max Scherzer
453298,Colin Curtis
453301,Cole De Vries
453303,Matt Downs
453304,John Gaub
453307,David Huff
453311,Tim Lincecum
453329,Clay Buchholz
453343,Mark Melancon
453344,Brandon Morrow
453353,Greg Reynolds
453362,Chris Valaika
453368,Lance Zawadzki
453385,Clayton Richard
453400,Chris Johnson
453454,Mike McCoy
453515,David Purcey
453525,J.R. Towles
453531,Rob Johnson
453539,Sam Fuld
453562,Jake Arrieta
453568,Charlie Blackmon
453580,Steve Edlefsen
453646,Carlos Villanueva
453857,Brock Peterson
453889,Matt Chico
453895,Brendan Ryan
453923,Gregor Blanco
453943,Todd Frazier
453974,Lou Marson
454535,Clay Hensley
454537,Jared Burton
454560,A.J. Ellis
454972,Romulo Sanchez
454975,Hernan Iribarren
454998,Matt Carson
455009,Jonathan Broxton
455077,Mike Carp
455088,Blake DeWitt
455091,Mike Ekstrom
455092,Scott Elbert
455095,Jeff Frazier
455104,Chris Iannetta
455113,Donny Lucy
455117,Martin Maldonado
455119,Chris Martin
455126,Chris Nelson
455139,Robinson Chirinos
455167,Shelley Duncan
455369,Ramiro Pena
455374,Antonio Bastardo
455378,Ali Solis
455605,J.D. Martin
455687,Jai Miller
455725,Steve Holm
455755,Chris Stewart
455759,Chris Young
455921,Luis Jimenez
455976,Nick Markakis
456027,Ross Ohlendorf
456030,Dustin Pedroia
456034,David Price
456043,Jonathan Sanchez
456045,Joe Savery
456051,Hector Noesi
456068,Miguel Gonzalez
456071,Yohan Flande
456078,Welington Castillo
456102,David Pauley
456121,Chris Denorfia
456124,Erik Kratz
456167,A.J. Griffin
456379,Al Alburquerque
456387,Ryan Feierabend
456422,Michael Bourn
456488,Eduardo Nunez
456496,Marcos Mateo
456501,Johnny Cueto
456544,Eric Farris
456589,Jason Bergmann
456655,Ian Stewart
456662,Jeremy Horst
456665,Steve Pearce
456696,David Hernandez
456701,Homer Bailey
456713,Matt Bush
456714,Billy Butler
456715,Lorenzo Cain
456776,Alex Torres
456781,Donovan Solano
457117,Ernesto Frieri
457130,Vinny Rottino
457133,Wilkin Ramirez
457292,Tsuyoshi Nishioka
457384,Bobby Scales
457420,Brandon Wood
457422,Tim Dillard
457425,Evan Meek
457428,James McDonald
457429,Boone Logan
457435,Phil Coke
457447,Luis Atilano
457448,Matt Harrison
457449,Jamie Romak
457453,Jair Jurrjens
457454,Jarrod Saltalamacchia
457456,Jo-Jo Reyes
457468,Josh Banks
457477,Alejandro De Aza
457508,Jonathan Van Every
457517,Guilder Rodriguez
457566,Greg Burke
457567,Carlos Fisher
457568,Matt Young
457574,Jordan Pacheco
457705,Andrew McCutchen
457706,Austin Jackson
457707,Trevor Bell
457708,Justin Upton
457711,Sean O'Sullivan
457727,Cameron Maybin
457732,Andrew Bailey
457744,Aaron Thompson
457751,Evan Crawford
457754,Jon Edwards
457759,Justin Turner
457760,Danny Dorn
457761,Ryan Tucker
457762,Bryan Anderson
457763,Buster Posey
457768,Bryan Morris
457775,Desmond Jennings
457779,Michael Kirkman
457786,Anthony Vasquez
457787,Danny Espinosa
457788,Jordan Schafer
457789,Jemile Weeks
457803,Jay Bruce
457859,Randy Ruiz
457915,Javy Guerra
457918,J.A. Happ
457926,Paul Janish
457935,Matt Daley
458000,Terry Evans
458003,Blake Hawksworth
458006,Matt Albers
458015,Joey Votto
458036,Nick Stavinoha
458085,Chris Coghlan
458094,Daniel Stange
458155,Joe Martinez
458210,Alexi Casilla
458220,Esmerling Vasquez
458250,Dusty Hughes
458252,Irving Falu
458501,Luis Alfonso Cruz
458530,Erik Davis
458537,Cory Luebke
458550,Jeremy Hefner
458567,Andy Sonnanstine
458582,Reid Brignac
458584,Xavier Cedeno
458587,Brad Emaus
458589,David Herndon
458628,Joe Mather
458643,Jose Morales
458657,Adalberto Mendez
458668,Jordan Danks
458675,Colby Rasmus
458676,Josh Lindblom
458677,Justin Wilson
458678,Mike Broadway
458679,Josh Bell
458681,Lance Lynn
458689,Chris Dominguez
458690,Chris Volstad
458691,David Adams
458701,Luis Exposito
458708,Josh Tomlin
458709,John Lannan
458713,Kevin Slowey
458730,Bobby Parnell
458731,Brett Gardner
458913,Eric Young Jr.
458919,Ryan Mattheus
458924,Jonny Venters
458950,Philip Humber
459334,Brent Clevlen
459345,Eric Hacker
459411,Travis Schlichting
459415,Tommy Hottovy
459429,Jake McGee
459431,Michael Saunders
459434,Rene Tosoni
459440,Jarrett Hoffpauir
459932,Hector Ambriz
459939,Mitchell Boggs
459941,Travis Buck
459943,Jeff Clement
459964,Matt Joyce
459967,Sam LeCure
459987,Cesar Ramos
459991,Gaby Sanchez
459999,Jeff Stevens
460003,Taylor Teagarden
460004,Clete Thomas
460008,Anthony Varvaro
460022,Tyler Greene
460024,Luke Hochevar
460026,Nick Hundley
460029,Jensen Lewis
460051,Chris Getz
460055,John Mayberry Jr.
460059,Mike Pelfrey
460060,Cliff Pennington
460067,Trevor Crowe
460069,Ricky Romero
460072,Jason Berken
460075,Ryan Braun
460077,Drew Butera
460086,Alex Gordon
460092,Chris Leroux
460099,Nolan Reimold
460101,Chris Robinson
460104,Anthony Slama
460105,Greg Smith
460131,Brian Bogusevic
460156,Brandon Gomes
460252,Jeff Larish
460257,Matt Fox
460267,Brandon Boggs
460269,Chris Gimenez
460283,Jerry Blevins
460284,Dallas Braden
460322,Antoan Richardson
460349,Carlos Rosa
460366,Rich Thompson
460370,Rafael Perez
460576,Carlos Gomez
460579,Nyjer Morgan
460580,Chuck James
460597,Jim Hoey
460612,Cody Clark
460621,Nate Spears
460657,Doug Slaten
460677,Cory Wade
460701,James Russell
461212,Matt Palmer
461235,Brandon Moss
461314,Matt Kemp
461315,Lucas May
461325,Tyler Clippard
461416,Will Venable
461766,Jose Arredondo
461791,Carlos Marmol
461815,David Murphy
461829,Gio Gonzalez
461833,Phil Hughes
461848,Jim Miller
461856,Troy Patton
461858,Trevor Plouffe
461865,Andrew Romine
461872,Anthony Swarzak
461874,Craig Tatum
461882,Jesus Guzman
462089,Juan Jaime
462101,Elvis Andrus
462102,Tommy Hanson
462136,Marco Estrada
462382,Jim Johnson
462405,Brooks Conrad
462480,Rhiner Cruz
462515,Miguel Socolovich
462522,Jeff Gray
462564,Dan Uggla
462945,Cesar Jimenez
462956,Felipe Paulino
462962,Niuman Romero
462985,Franklin Morales
462995,Rick Van Den Hurk
463017,Shairon Martis
463037,Atahualpa Severino
463610,Gregorio Petit
464281,Oswaldo Navarro
464299,Eugenio Velez
464341,Chin-Lung Hu
464400,Henry Sosa
464416,Yohan Pino
464426,Denis Phipps
464433,Juan Francisco
465015,Leyson Septimo
465041,Francisco Cervelli
465065,Sergio Escalona
465629,Edward Mujica
465657,Joakim Soria
465668,Roger Bernadina
465674,Pedro Ciriaco
465679,Samuel Deduno
465753,Pedro Florimon
465784,Everth Cabrera
466320,Melky Cabrera
466459,Sandy Rosario
466918,Manny Corpas
466948,Jean Machi
466988,Emilio Bonifacio
467008,Pedro Strop
467055,Pablo Sandoval
467070,Elian Herrera
467092,Wilson Ramos
467094,Felix Doubront
467099,Jordan Norberto
467100,Ivan Nova
467143,Hector Gomez
467726,Jose Mijares
467785,Radhames Liz
467793,Carlos Santana
467798,Jose Tabata
467827,Gerardo Parra
467850,Edgmer Escalona
467856,Carlos Monasterios
468396,Alexi Ogando
468406,Jonathan Herrera
468429,Jose Constanza
468504,Jhoulys Chacin
468517,Elvin Ramirez
468528,Joel Carreno
469134,Esmil Rogers
469159,Henry Rodriguez
469167,Jose Ceda
469686,Alfredo Aceves
469690,Victor Marte
469721,Trent Oeltjen
469802,Luis Perez
469810,Argenis Diaz
469845,Jamie Hoffmann
470462,Ramon Troncoso
470516,Luis Durango
471083,Miguel Montero
471107,Elliot Johnson
471183,Waldis Joaquin
471822,Jumbo Diaz
471863,Luke Hughes
471865,Carlos Gonzalez
471868,Alberto Gonzalez
471896,Pedro Figueroa
471897,Greg Halman
471911,Carlos Carrasco
472528,Luis Valbuena
472551,Fernando Abad
472610,Luis Garcia
473234,Tony Abreu
473265,Jose De La Torre
473646,Josh Zeid
473724,Matt McBride
473879,Sam Dyson
474029,Zach Putnam
474039,Pedro Beato
474226,Mason Tobin
474233,Hank Conger
474249,Ryan Jackson
474256,Ryan Reid
474284,Cory Rasmus
474319,Brandon Snyder
474384,Nate Freiman
474443,Ivan De Jesus Jr.
474463,Brett Anderson
474494,Tommy Field
474521,Shawn Tolleson
474568,Jordy Mercer
474599,Neil Wagner
474668,Eric Surkamp
474699,Vance Worley
474832,Brandon Belt
474865,Julio Borbon
474892,Chris Carter
475054,Chaz Roe
475095,Kyle Weiland
475100,Scott Van Slyke
475115,Tyson Ross
475138,Kyle Drabek
475174,Yonder Alonso
475243,Travis Wood
475247,Ryan Flaherty
475253,Justin Smoak
475416,Justin Masterson
475479,David Phelps
475582,Ryan Zimmerman
475857,Ryan Cook
476011,Matt Maloney
476036,David Cooper
476123,Justin Marks
476127,Zach Kroenke
476134,Brian Omogrosso
476192,Johnny Monell
476205,Josh Wall
476206,Justin Thomas
476270,Steve Tolleson
476451,Jeremy Hellickson
476454,Dellin Betances
476570,Vin Mazzaro
476589,Adam Warren
476594,Robert Stock
476595,Lucas Luetge
476601,Michael Bowden
476633,Chris Parmelee
476704,Jed Lowrie
476811,Sean West
476883,Pedro Alvarez
477003,Jonathon Niese
477054,Trayvon Robinson
477132,Clayton Kershaw
477165,Brett Wallace
477186,Brandon Laird
477195,Ike Davis
477557,Francisco Rodriguez
477569,Fernando Salas
485567,Ezequiel Carrera
487675,Edward Paredes
488671,Alex Avila
488674,Burke Badenhop
488681,Brandon Barnes
488683,Scott Barnes
488689,Mike Baxter
488703,Jeff Bianchi
488721,Peter Bourjos
488722,Zach Braddock
488726,Michael Brantley
488740,Jordan Brown
488748,Ryan Buchter
488751,Alex Burnett
488768,Andrew Cashner
488771,Jason Castro
488776,Jaye Chapman
488786,Louis Coleman
488787,Casey Coleman
488810,Tony Cruz
488811,Aaron Cunningham
488818,Chase d'Arnaud
488819,Blake Davis
488846,Brian Duensing
488852,Allan Dykstra
488862,Yunel Escobar
488912,Tuffy Gosewisch
488917,Tyler Graham
488919,Taylor Green
488936,Sean Halton
488984,Tommy Hunter
489002,Steve Johnson
489020,Brad Kilby
489039,Bobby LaFromboise
489056,Charlie Leesman
489067,Ryan Lollis
489119,Wade Miley
489135,Jeremy Moore
489138,Tyler Moore
489149,Logan Morrison
489150,Clayton Mortensen
489166,Thomas Neal
489189,Josh Outman
489197,Curtis Partch
489209,Brett Pill
489231,John Raynor
489232,Anthony Recker
489242,Will Rhymes
489262,Ryan Rohlinger
489265,Sergio Romo
489267,Adam Rosales
489277,Rusty Ryal
489294,Tanner Scheppers
489295,Brian Schlitter
489305,Xavier Scruggs
489334,Craig Stammen
489365,Josh Thole
489400,Ryan Verdugo
489413,Casper Wells
489446,Kirby Yates
489448,Mike Zagurski
489567,Alan Johnson
490008,Robert Manuel
490063,Matt Garza
490313,Amauri Sanit
491159,Joe Thatcher
491624,Cesar Valdez
491640,Carlos Rivero
491646,Jeanmar Gomez
491676,Gorkys Hernandez
491688,Enerio Del Rosario
491696,Jesus Sucre
491703,Neftali Feliz
491708,Arquimedes Caminero
492802,Juan Graterol
492821,Henry Villar
492841,Michael Martinez
493114,Norichika Aoki
493117,Kyuji Fujikawa
493120,Kosuke Fukudome
493127,Akinori Iwamura
493128,Munenori Kawasaki
493133,Hiroki Kuroda
493137,Daisuke Matsuzaka
493157,Koji Uehara
493159,Tsuyoshi Wada
493193,Dae-Ho Lee
493200,Seunghwan Oh
493247,Peter Moylan
493316,Yoenis Cespedes
493329,Yuli Gurriel
493337,Yunesky Maya
493343,Hector Olivera
493351,Alexei Ramirez
493364,Dayan Viciedo
493416,Takashi Saito
493472,Eric Campbell
493547,Mickey Storey
493574,Blake Tekotte
493596,Gordon Beckham
493603,Adam Ottavino
494686,Fernando Martinez
497807,Frank Herrmann
499107,Francisley Bueno
499624,Chris Colabello
499856,Chris Jakubauskas
499864,Luis Jimenez
499877,Kenshin Kawakami
499926,Alex Liddi
500135,Ronny Rodriguez
500207,Jhonatan Solano
500208,Yangervis Solarte
500610,Deolis Guerra
500674,Eduardo Sanchez
500721,Yoervis Medina
500724,JC Ramirez
500743,Miguel Rojas
500765,Dayan Diaz
500779,Jose Quintana
500871,Eduardo Escobar
500872,Gregory Infante
500874,Jose Martinez
500887,Josmil Pinto
500902,Lester Oliveros
500903,Brayan Villarreal
500909,Mauricio Robles
501213,Moises Sierra
501227,Alberto Cabrera
501245,Alfredo Marte
501255,Rafael Ynoa
501303,Ehire Adrianza
501317,Francisco Peguero
501381,Michael Pineda
501529,Jorge De Leon
501563,Simon Castro
501571,Juan Lagares
501593,Luis Avilan
501605,Yamaico Navarro
501625,Jose Alvarez
501627,Cesar Cabral
501647,Wilin Rosario
501659,Abraham Almonte
501660,Zoilo Almonte
501687,Luis Marte
501697,Jhan Marinez
501726,Juan Diaz
501745,Fautino De Los Santos
501789,Will Harris
501800,Allen Craig
501814,Brian Bocock
501817,Tony Barnette
501822,Chris Hatcher
501835,Kevin Russo
501852,Bruce Billings
501870,Everett Teaford
501873,Mike McClendon
501874,Kam Mickolio
501888,Ryan Kalish
501896,David Freese
501920,Brian Dinkelman
501925,Joe Smith
501936,Matt Buschmann
501954,Ozzie Martinez
501955,Joba Chamberlain
501957,Chris Tillman
501961,Derrick Robinson
501981,Khris Davis
501983,Travis Snider
501985,Mike Minor
501986,Cedric Hunter
501989,Andy Oliver
501992,Nate Karns
501993,Cole Kimball
501994,Joe Benson
502003,Scott Sizemore
502004,George Kontos
502009,Mat Latos
502010,Jake Brigham
502011,Preston Claiborne
502023,Travis Tartamella
502026,Jeremy Jeffress
502028,Blake Wood
502029,Chris Marrero
502031,Ryan Adams
502032,Bud Norris
502034,Emmanuel Burriss
502042,Chris Archer
502043,Kyle Gibson
502046,Jeff Locke
502051,Josh Ravin
502054,Tommy Pham
502055,Jay Buente
502082,Lonnie Chisenhall
502083,Zach McAllister
502085,David Robertson
502087,Kevin Chapman
502100,Alex Presley
502102,Duane Below
502110,J.D. Martinez
502117,Kristopher Negron
502125,Tyler Colvin
502126,Domonic Brown
502130,Dan Runzler
502133,Adrian Cardenas
502136,Jordan Smith
502139,Josh Stinson
502143,Danny Valencia
502151,Chad Huffman
502154,Zack Britton
502158,Josh Roenicke
502161,Scott Cousins
502165,Drew Carpenter
502166,Brad Mills
502168,Rudy Owens
502171,Alex Cobb
502179,Paolo Espino
502182,Steve Clevenger
502188,Jeff Samardzija
502190,Mike Leake
502202,Brad Boxberger
502205,Grant Green
502208,P.J. Walters
502210,Josh Reddick
502211,Mike Bolsinger
502212,Austin Bibens-Dirkx
502213,Nevin Ashley
502226,Craig Gentry
502229,Alex White
502239,Trevor Cahill
502249,Lars Anderson
502253,Alex Sanabia
502260,Vinnie Pestano
502261,Cole Gillespie
502264,Nate Adcock
502272,Casey Fien
502273,Mike Freeman
502285,Tyler Ladendorf
502304,David Carpenter
502317,Chris Heisey
502327,Hector Santiago
502374,Michael McKenry
502381,Luke Gregerson
502409,Jonathan Diaz
502457,Drew Hayes
502462,Ryan Kelly
502481,Jarrod Dyson
502517,Daniel Murphy
502522,Justin Miller
502523,Shawn O'Malley
502544,Nick Buss
502570,Rocky Gale
502578,Aaron Barrett
502582,Logan Schafer
502593,Jake Petricka
502609,Daniel Herrera
502624,Chase Anderson
502671,Paul Goldschmidt
502676,Cole Figueroa
502706,Derek Holland
502748,Brad Peacock
502968,Jerad Head
503285,Darren O'Day
503351,Blake Lalli
503437,James Beresford
503438,Rob Delaney
503444,Joel De La Cruz
503449,Wily Peralta
503483,Zach Clark
503556,Marwin Gonzalez
503566,Fabio Castillo
503569,Rafael Dolis
504083,Jorge Rondon
504186,Arnold Leon
504379,Juan Nicasio
505447,Brandon Dickson
506433,Yu Darvish
506560,Alexi Amarista
506648,Yoslan Herrera
506673,Juan Miranda
506693,Henderson Alvarez III
506702,Sandy Leon
506703,Adrian Sanchez
506747,Francisco Pena
506924,Stephen Cardullo
506997,Tony Sanchez
508892,Carlos Triunfel
514639,Jose Ortega
514669,Rafael Martin
514719,Henry Alejandro Rodriguez
514888,Jose Altuve
514913,Ruben Tejada
514917,Cesar Hernandez
514981,Diego Moreno
515052,Mayckol Guaipe
516414,Ariel Pena
516416,Jean Segura
516472,Francisco Arcia
516589,Andre Rienzo
516684,Lendy Castillo
516714,Dario Alvarez
516769,Jenrry Mejia
516770,Starlin Castro
516782,Starling Marte
516809,Junior Lake
516811,Eury Perez
516910,Carlos Frias
516935,Stolmy Pimentel
516949,Hector Sanchez
516969,Kelvin Herrera
516970,Sugar Ray Marimon
517008,Alex Colome
517060,Pedro Hernandez
517369,Jose Pirela
517370,Jimmy Paredes
517414,Randall Delgado
517448,Wilfredo Boscan
517451,Joe Ortiz
517593,Danny Salazar
518170,Jordany Valdespin
518397,Scott Alexander
518408,Matt Angle
518418,Phillippe Aumont
518420,Dylan Axelrod
518444,Blake Beavan
518445,Chad Bell
518452,Chad Bettis
518466,Jabari Blash
518468,Michael Blazek
518489,Ryan Brasier
518490,Bryce Brentz
518493,Drake Britton
518495,Brian Broderick
518500,Andrew Brown
518502,Gary Brown
518516,Madison Bumgarner
518526,David Carpenter
518533,Robert Carson
518542,Juan Centeno
518545,Adron Chambers
518553,Steve Cishek
518558,Matt Clark
518560,Paul Clemens
518566,Taylor Cole
518567,Josh Collmenter
518568,Christian Colon
518577,Collin Cowgill
518582,Casey Crosby
518586,Charlie Culberson
518595,Travis d'Arnaud
518603,Justin De Fratus
518614,Daniel Descalso
518617,Jake Diekman
518618,Derek Dietrich
518625,Matt Dominguez
518626,Josh Donaldson
518633,Danny Duffy
518649,Brett Eibner
518653,Jake Elmore
518655,John Ely
518674,C.J. Fick
518692,Freddie Freeman
518693,Sam Freeman
518700,Eric Fryer
518703,Charlie Furbush
518713,John Gast
518715,Cory Gearrin
518716,Dillon Gee
518725,Caleb Gindl
518735,Yasmani Grandal
518748,Justin Grimm
518755,Matt Hague
518764,Donovan Hand
518771,Mitch Harris
518774,Matt Harvey
518782,Johnny Hellweg
518790,Chris Heston
518792,Jason Heyward
518794,Brandon Hicks
518799,Steven Hill
518813,Greg Holland
518833,Colt Hynes
518852,Eric Jokisch
518858,Nate Jones
518863,Taylor Jordan
518865,Josh Judy
518875,Shawn Kelley
518876,Merrill Kelly
518883,Dean Kiekhefer
518886,Craig Kimbrel
518900,Erik Komatsu
518902,Pete Kozma
518911,Andrew Lambo
518927,Tommy Layne
518934,DJ LeMahieu
518953,David Lough
518960,Jonathan Lucroy
518961,Josh Lueke
518963,Zach Lutz
518972,Trystan Magnuson
518977,Joe Mahoney
518980,Matt Mangini
518991,Darin Mastroianni
519003,Patrick McCoy
519008,T.J. McFarland
519015,Kyle McPherson
519023,Devin Mesoraco
519025,Will Middlebrooks
519037,Carlos Moncrief
519043,Matt Moore
519048,Mitch Moreland
519058,Mike Moustakas
519068,Efren Navarro
519071,Rey Navarro
519076,Jimmy Nelson
519082,Nick Noonan
519083,Derek Norris
519085,Brett Oberholtzer
519096,Dan Otero
519105,Jarrod Parker
519107,Andy Parrino
519110,Joe Paterson
519128,Bryan Petersen
519141,Drew Pomeranz
519144,Rick Porcello
519145,Aaron Poreda
519151,Ryan Pressly
519166,Neil Ramirez
519168,Anthony Ranaudo
519169,Rob Rasmussen
519175,Evan Reed
519184,Ben Revere
519186,Matt Reynolds
519203,Anthony Rizzo
519208,Clint Robinson
519222,Austin Romine
519237,Cameron Rupp
519240,Marc Rzepczynski
519242,Chris Sale
519259,Daniel Schlereth
519263,A.J. Schugel
519267,Evan Scribner
519293,Will Smith
519294,Josh Smoker
519295,Jake Smolinski
519299,Eric Sogard
519301,Sammy Solis
519304,Neftali Soto
519306,Steven Souza Jr.
519317,Giancarlo Stanton
519322,Drew Storen
519326,Hunter Strickland
519330,Steve Susdorf
519333,Matt Szczur
519344,Nick Tepesch
519345,Joey Terdoslavich
519346,Eric Thames
519381,Pat Venditte
519388,Josh Vitters
519390,Stephen Vogt
519393,Marcus Walden
519403,Thad Weber
519412,Zelous Wheeler
519421,Andy Wilkins
519425,Jackson Williams
519437,Chris Withrow
519443,Brandon Workman
519445,Danny Worth
519455,Jordan Zimmermann
520209,Konrad Schmidt
520471,Freddy Galvis
520976,Engel Beltre
520980,Pedro Baez
521055,Maikel Cleto
521230,Liam Hendriks
521428,Che-Hsuan Lin
521655,Wilmer Font
521692,Salvador Perez
523253,Logan Forsythe
523260,Joe Kelly
523261,Roger Kieschnick
523265,Tommy Medica
523648,Mark Hamburger
523848,Jose Dominguez
523989,Rubby De La Rosa
524968,Jesus Montero
525768,Tim Collins
527038,Wilmer Flores
527043,Jefry Marte
527048,Martin Perez
527049,Cesar Puello
527054,Julio Teheran
527055,Arodys Vizcaino
532077,Roberto Osuna
533167,Matt Shoemaker
534576,Gus Schlosser
534606,Ryan LaMarre
534627,Tyler Holt
534631,Elih Villanueva
534737,Pat Dean
534812,Kevin Quackenbush
534910,Jesse Hahn
534947,Tim Adleman
537953,Daniel Nava
538227,Hisanori Takahashi
538506,Toru Murata
539438,Scott Diamond
541600,Wilfredo Tovar
541608,Ramon Cabrera
541640,Erasmo Ramirez
541645,Avisail Garcia
541650,Hernan Perez
541652,Bruce Rondon
542194,Christian Bethancourt
542208,Carlos Perez
542233,Audry Perez
542255,Ender Inciarte
542266,Carlos Contreras
542289,Daniel Corcino
542303,Marcell Ozuna
542340,Jonathan Villar
542364,Rafael Ortega
542369,Edwar Cabrera
542432,Jose Ramirez
542436,Cristhian Adames
542454,Danny Santana
542455,Oswaldo Arcia
542513,Tomas Telis
542583,Jesus Aguilar
542585,Jose Cisnero
542587,Elvis Araujo
542609,Enrique Burgos
542642,Rymer Liriano
542669,Roman Mendez
542674,Gonzalez Germen
542866,Austin Adams
542881,Tyler Anderson
542882,Matt Andriese
542883,Dean Anna
542884,Dustin Antolin
542888,Shawn Armstrong
542897,Xavier Avery
542908,Jett Bandy
542914,Anthony Bass
542921,Tim Beckham
542923,Dallas Beeler
542924,Jeff Beliveau
542932,Jon Berti
542942,Carson Blair
542947,Richard Bleier
542953,Buddy Boshers
542960,Brad Brach
542963,Rob Brantly
542979,Keon Broxton
542992,Andy Burns
542993,Billy Burns
542994,Joey Butler
542999,Tony Campana
543001,Ryan Carpenter
543008,Alex Castellanos
543017,Hunter Cervenka
543022,Tyler Chatwood
543023,Nick Christiani
543031,Tyler Cloyd
543037,Gerrit Cole
543038,Dusty Coleman
543045,Adam Conley
543054,Jarred Cosart
543056,Danny Coulombe
543063,Brandon Crawford
543068,C.J. Cron
543070,Aaron Crow
543079,Jermaine Curtis
543083,James Darnell
543089,Taylor Davis
543094,Jaff Decker
543101,Anthony DeSclafani
543105,Alex Dickerson
543108,Andy Dirks
543118,Oliver Drake
543125,Chris Dwyer
543135,Nathan Eovaldi
543136,Cody Eppley
543144,Danny Farquhar
543148,Tim Federowicz
543155,Stephen Fife
543169,Brian Flynn
543174,Eric Fornataro
543184,Christian Friedrich
543193,Drew Gagnon
543194,Isaac Galloway
543195,Eddie Gamboa
543208,Sam Gaviglio
543213,Johnny Giavotella
543216,Conor Gillaspie
543219,Sean Gilmartin
543223,Brad Glenn
543228,Yan Gomes
543238,Anthony Gose
543242,J.R. Graham
543243,Sonny Gray
543257,Robbie Grossman
543258,Preston Guilmet
543261,Jason Gurka
543272,Brad Hand
543278,Blaine Hardy
543281,Josh Harrison
543294,Kyle Hendricks
543302,Chris Herrmann
543305,Aaron Hicks
543308,John Hicks
543309,Kyle Higashioka
543321,L.J. Hoes
543329,Destin Hood
543331,J.J. Hoover
543333,Eric Hosmer
543334,TJ House
543339,Daniel Hudson
543340,Kyle Hudson
543343,Danny Hultzen
543351,Jay Jackson
543357,Jordan Jankowski
543359,Dan Jennings
543362,A.J. Jimenez
543376,Caleb Joseph
543377,Corban Joseph
543380,Taylor Jungmann
543391,Casey Kelly
543401,Jason Kipnis
543408,Tom Koehler
543409,Michael Kohn
543424,John Lamb
543426,Matt Langwell
543432,Ryan Lavarnway
543434,Brett Lawrie
543456,Kyle Lobstein
543459,Steve Lombardozzi
543475,Jordan Lyles
543483,Matt Magill
543484,Mikie Mahtook
543488,Nick Maronde
543493,Brett Marshall
543495,Ethan Martin
543503,Kevin Mattison
543506,Brandon Maurer
543507,Trevor May
543508,Cory Mazzoni
543510,James McCann
543521,Collin McHugh
543532,Tim Melville
543542,Alex Meyer
543543,Brad Miller
543548,Tommy Milone
543551,D.J. Mitchell
543557,Mike Montgomery
543569,Brent Morel
543589,Adrian Nieto
543590,Kirk Nieuwenhuis
543592,Austin Nola
543594,Sean Nolin
543606,Jake Odorizzi
543607,Edgar Olmos
543611,Danny Ortiz
543629,Tyler Pastornicky
543633,Juan Carlo Perez
543634,Ryan Perry
543643,Jonathan Pettibone
543647,Cord Phelps
543652,Tyler Pill
543668,Stephen Pryor
543685,Anthony Rendon
543698,Donn Roach
543699,Tanner Roark
543706,Daniel Robertson
543716,David Rollins
543725,B.J. Rosenberg
543726,Robbie Ross Jr.
543734,Chris Rusin
543742,Jerry Sands
543743,Dave Sappelt
543744,Josh Satin
543746,Rob Scahill
543754,Michael Schwimer
543760,Marcus Semien
543766,Bryan Shaw
543768,Travis Shaw
543776,JB Shuck
543779,Kevin Siegrist
543788,Kyle Skipworth
543803,Giovanni Soto
543807,George Springer
543809,Zeke Spruill
543819,Zach Stewart
543829,Dee Gordon
543853,Taylor Thompson
543859,Michael Tonkin
543867,Nik Turley
543877,Christian Vazquez
543881,Pedro Villarreal
543883,Nick Vincent
543894,Logan Watkins
543900,Daniel Webb
543901,Ryan Weber
543903,Allen Webster
543921,Joe Wieland
543935,Alex Wilson
543939,Kolten Wong
543942,Rob Wooten
543964,Tony Zych
544150,Albert Suarez
544365,Manny Banuelos
544369,Didi Gregorius
544371,Donald Lutz
544725,Leury Garcia
544727,Jeurys Familia
544759,Bo Schultz
544836,Enny Romero
544838,Miguel Gonzalez
544925,Matthew den Dekker
544928,Tyler Lyons
544931,Stephen Strasburg
544993,Steve Geltz
545001,Eury De La Rosa
545064,Jairo Diaz
545121,Ildemaro Vargas
545332,Jake Barrett
545333,Trevor Bauer
545337,Nolan Fontana
545338,Nick Franklin
545341,Randal Grichuk
545346,Zach Lee
545348,Austin Maddox
545350,Jake Marisnick
545357,Matt Purke
545358,Max Stassi
545361,Mike Trout
545363,Jacob Turner
545404,Brandon Beachy
546276,Edwin Escobar
546318,Odubel Herrera
546990,Anthony Alford
546991,Albert Almora Jr.
547004,Rio Ruiz
547007,Rob Whalen
547170,Nicky Delmonico
547172,Tony Wolters
547179,Michael Lorenzen
547180,Bryce Harper
547348,C.C. Lee
547379,Roberto Perez
547749,Junichi Tazawa
547820,Fu-Te Ni
547874,Hisashi Iwakuma
547887,Kensuke Tanaka
547888,Masahiro Tanaka
547912,Gift Ngoepe
547939,Chang-Yong Lim
547943,Hyun-Jin Ryu
547957,Hyun Soo Kim
547973,Aroldis Chapman
547982,Leonys Martin
547989,Jose Abreu
548337,Logan Verrett
548357,Christian Bergman
548384,Brooks Raley
548389,Ross Stripling
550298,Yorman Rodriguez
552640,Andrew Kittredge
552662,Stefen Romero
553869,Elias Diaz
553878,Felipe Vazquez
553882,Omar Narvaez
553883,Vicente Campos
553902,Willians Astudillo
553970,Angel Nesbitt
553988,Dixon Machado
553993,Eugenio Suarez
554054,Alfredo Gonzalez
554234,Williams Perez
554340,Yimi Garcia
554374,Ariel Hernandez
554429,Dustin Ackley
554430,Zack Wheeler
554431,Tyler Matzek
554432,Chad Jenkins
570240,Felix Pena
570256,Gregory Polanco
570257,Joely Rodriguez
570267,Domingo Santana
570481,Erik Gonzalez
570482,Gio Urshela
570488,Phillips Valdez
570489,Arismendy Alcantara
570560,Yolmer Sanchez
570615,Steven Moya
570632,Jose Urena
570639,Yefri Perez
570649,Yordano Ventura
570663,Hansel Robles
570666,Luis Cessa
570702,Carlos Ramirez
570714,Cesar Vargas
570717,Ramon Flores
570731,Jonathan Schoop
570799,Christian Villanueva
570805,Oscar Taveras
570810,Lisalverto Bonilla
571035,William Cuevas
571057,Frank Garces
571431,Matt Adams
571437,Aaron Altherr
571439,R.J. Alvarez
571448,Nolan Arenado
571466,Tucker Barnhart
571467,Steven Baron
571473,Buddy Baumann
571476,Chris Beck
571479,Andrew Bellatti
571506,Justin Bour
571510,Matthew Boyd
571521,Rex Brothers
571527,David Buchanan
571539,Matt Carasiti
571553,Darrell Ceciliani
571561,Tony Cingrani
571572,Joe Colon
571577,Scott Copeland
571578,Patrick Corbin
571584,Caleb Cotham
571595,Noel Cuevas
571602,Matt Davidson
571616,Matt Dermody
571656,Buck Farmer
571657,Kyle Farmer
571665,Daniel Fields
571666,Mike Fiers
571670,Dylan Floro
571676,Seth Frankoff
571679,David Freitas
571681,Rey Fuentes
571697,Scooter Gennett
571710,Mychal Givens
571718,Brian Goodwin
571735,David Hale
571740,Billy Hamilton
571745,Mitch Haniger
571757,Jeremy Hazelbaker
571760,Andrew Heaney
571761,Slade Heathcott
571771,Enrique Hernandez
571786,Mario Hollands
571787,David Holmberg
571788,Brock Holt
571800,Drew Hutchison
571804,Brett Jackson
571812,Kyle Jensen
571825,James Jones
571830,Tommy Joseph
571841,Ty Kelly
571851,Spencer Kieboom
571858,Branden Kline
571862,Jeff Kobernus
571863,Matt Koch
571868,Marc Krauss
571871,Ian Krol
571875,Jake Lamb
571882,Derek Law
571893,Adam Liberatore
571901,Aaron Loup
571912,Luke Maile
571917,Parker Markel
571918,Deven Marrero
571927,Steven Matz
571945,Miles Mikolas
571946,Shelby Miller
571948,Hoby Milner
571951,Bryan Mitchell
571963,A.J. Morris
571969,Conor Mullee
571970,Max Muncy
571974,John Ryan Murphy
571976,Wil Myers
571980,Tyler Naquin
572000,Mike Ohlman
572008,Chris Owings
572017,Red Patterson
572019,Ben Paulsen
572020,James Paxton
572021,James Pazos
572033,Josh Phegley
572038,Branden Pinder
572039,Stephen Piscotty
572041,A.J. Pollock
572044,Brooks Pounders
572070,Garrett Richards
572073,Joey Rickard
572086,Brady Rodgers
572089,Paco Rodriguez
572096,Trevor Rosenthal
572102,Keyvius Sampson
572114,Ryan Schimpf
572122,Kyle Seager
572125,Sam Selman
572128,Richie Shaffer
572138,Jon Singleton
572140,Tyler Skaggs
572143,Burch Smith
572180,Andrew Susac
572182,Darnell Sweeney
572191,Michael A. Taylor
572193,Ryan Tepera
572204,Trayce Thompson
572208,Ashur Tolliver
572227,Zach Vincej
572228,Luke Voit
572233,Christian Walker
572241,David Washington
572253,Ryan Wheeler
572283,Madison Younginer
572287,Mike Zunino
572308,Jose A. Valdez
572309,Kendry Flores
572362,Robbie Erlin
572365,Ryan Goins
572383,Brian Moran
572389,Josh Prince
572403,Drew VerHagen
572669,Lane Adams
572702,Brandon Bantz
572703,Luke Bard
572714,Vince Belnome
572728,Michael Brady
572744,Hiram Burgos
572750,Eddie Butler
572751,Keith Butler
572761,Matt Carpenter
572788,Tyler Cravy
572804,Cody Decker
572816,Corey Dickerson
572821,Brian Dozier
572827,Jake Dunning
572831,Josh Edgin
572863,Dustin Garneau
572876,Jake Goebbert
572888,Shane Greene
572889,Nick Greenwood
572910,Alex Hassan
572947,Phil Irwin
572955,Pierce Johnson
572971,Dallas Keuchel
572990,Pat Light
572998,Josh Lucas
573009,Joe Mantiply
573027,Chris McGuiness
573046,Mike Morin
573064,Vidal Nuno III
573088,Cameron Perkins
573109,AJ Ramos
573113,Tony Renda
573124,Taylor Rogers
573127,Zac Rosscup
573131,Darin Ruf
573135,Tyler Saladino
573185,Dan Straily
573186,Marcus Stroman
573188,Tyler Sturdevant
573204,Caleb Thielbar
573244,Adam Wilk
573262,Mike Yastrzemski
573589,Michael Ynoa
573627,Kennys Vargas
573668,Juan Minaya
574831,Michael Choice
574847,Rob Segedin
575070,Enderson Franco
575929,Willson Contreras
576397,Jedd Gyorko
576788,Dan Butler
578428,Jose Iglesias
578570,Juniel Querecuto
579328,Yusei Kikuchi
579799,Ryota Igarashi
580792,Nick Goody
581527,Devon Travis
582473,Sherman Johnson
582494,Robby Scott
584171,Hector Velazquez
588751,Adeiny Hechavarria
591693,Edubray Ramos
591701,Alejandro Chacin
591712,Oscar Hernandez
591720,Ronald Torreyes
591741,Jose Osuna
591971,Breyvic Valera
591994,Willy Garcia
592091,A.J. Achter
592094,Jason Adam
592102,Cody Allen
592120,Barrett Astin
592122,Tyler Austin
592127,Johnny Barbato
592130,Danny Barnes
592135,Cam Bedrosian
592145,Jesse Biddle
592165,Brandon Brennan
592166,Ryan Brett
592169,Austin Brice
592170,Parker Bridwell
592178,Kris Bryant
592181,Danny Burawa
592192,Mark Canha
592200,Curt Casali
592206,Nicholas Castellanos
592222,Alex Claudio
592229,Dylan Covey
592230,Kaleb Cowart
592233,Stefan Crichton
592238,Brandon Cumpton
592239,Todd Cunningham
592244,Logan Darnell
592254,Jose De Leon
592261,Delino DeShields
592273,Brandon Drury
592274,Matt Duffy
592279,Jesen Therrien
592314,Mike Foltynewicz
592325,Ben Gamel
592329,Jason Garcia
592330,Perci Garner
592332,Kevin Gausman
592340,Erik Goeddel
592341,David Goforth
592346,Chi Chi Gonzalez
592348,Niko Goodrum
592351,Jon Gray
592387,Ryon Healy
592390,Heath Hembree
592398,Taylor Hill
592407,Bryan Holaday
592419,Jared Hoying
592422,Jason Hursh
592426,Luke Jackson
592433,Tyrell Jenkins
592444,JaCoby Jones
592450,Aaron Judge
592454,Tommy Kahnle
592464,Mike Kickham
592468,Nick Kingham
592473,Adam Kolarek
592499,Artie Lewicki
592518,Manny Machado
592527,Michael Mariot
592533,Cody Martin
592547,Deck McGuire
592567,Colin Moran
592570,Akeel Morris
592592,Brett Nicholas
592593,Justin Nicolino
592596,Rico Noel
592609,Mike Olt
592612,Josh Osich
592614,Dillon Overton
592620,Jarrett Parker
592621,Kyle Parker
592626,Joc Pederson
592644,Adam Plutko
592647,Dalton Pompey
592660,Rangel Ravelo
592662,Robbie Ray
592663,J.T. Realmuto
592665,Addison Reed
592669,Hunter Renfroe
592677,C.J. Riefenhauser
592680,Yadiel Rivera
592685,Drew Robinson
592696,Eddie Rosario
592704,Chance Ruffin
592705,Nick Rumbelow
592710,Josh Rutledge
592712,Connor Sadzeck
592716,Adrian Sampson
592717,Aaron Sanchez
592731,Steve Selsky
592741,Chasen Shreve
592743,Andrelton Simmons
592761,Caleb Smith
592767,Drew Smyly
592769,D.J. Snelten
592773,Ryne Stanek
592774,Cody Stanley
592779,Brock Stewart
592781,Matt Stites
592789,Noah Syndergaard
592791,Jameson Taillon
592804,Tyler Thornburg
592808,Andrew Toles
592811,Andrew Triggs
592815,Sam Tuivailala
592826,Vince Velasquez
592833,Bobby Wahl
592835,Kyle Waldrop
592836,Taijuan Walker
592858,Rowan Wick
592859,Stevie Wilkerson
592863,Mason Williams
592865,Taylor Williams
592866,Trevor Williams
592869,Tyler Wilson
592872,Alex Wimmers
592879,Asher Wojciechowski
592885,Christian Yelich
593140,Michael Feliz
593144,Richard Rodriguez
593160,Whit Merrifield
593334,Domingo German
593372,Carlos Martinez
593417,Raul Alcantara
593423,Frankie Montas
593428,Xander Bogaerts
593495,Daniel Castro
593523,Marco Hernandez
593525,Orlando Calixte
593527,Ramon Torres
593528,Jorge Bonifacio
593576,Hector Neris
593582,Abel De Los Santos
593643,Hanser Alberto
593647,Socrates Brito
593679,Gabriel Ynoa
593700,Alen Hanson
593833,Wander Suero
593871,Jorge Polanco
593934,Miguel Sano
593958,Eduardo Rodriguez
593969,Jayson Aquino
593974,Wandy Peralta
593993,Jose Briceno
594011,Rosell Herrera
594027,Tayron Guerrero
594056,Reymin Guduan
594311,Jandel Gustave
594555,Garin Cecchini
594576,Jacob May
594577,Mike Mayers
594580,Sam Moll
594694,Wilmer Difo
594736,Cody Anderson
594742,Alec Asher
594760,Aaron Blair
594772,Jake Buchanan
594777,Kole Calhoun
594792,Brandon Cunniff
594795,Grant Dayton
594798,Jacob deGrom
594807,Adam Duvall
594809,Adam Eaton
594815,Jeff Ferrell
594824,Greg Garcia
594828,Evan Gattis
594835,Marco Gonzales
594838,Phil Gosselin
594840,Matt Grace
594857,Keith Hessler
594867,Myles Jaye
594902,Ben Lively
594940,Danny Muno
594943,Zach Neal
594951,Ryan O'Rourke
594953,Daniel Palka
594965,Daniel Ponce de Leon
594985,Ben Rowen
594986,Kyle Ryan
594987,Casey Sadler
594988,Scott Schebler
594992,Kevin Shackelford
595001,Josh A. Smith
595005,Ryan Strausborger
595014,Blake Treinen
595023,Colin Walsh
595025,Zach Walters
595032,Chase Whitley
595144,Jaycob Brugman
595191,Jerad Eickhoff
595222,Mike Gerber
595234,Justin Haley
595235,Cody Hall
595238,Jacob Hannemann
595281,Kevin Kiermaier
595284,Andrew Knapp
595307,Seth Maness
595345,Steven Okert
595371,Chris Rearick
595373,Jack Reinheimer
595375,JT Riddle
595386,Jason Rogers
595411,Ryan Sherriff
595426,Brock Stassi
595453,Chad Wallach
595465,Dan Winkler
595751,Jorge Alfaro
595777,Jurickson Profar
595798,R.J. Alaniz
595879,Javier Baez
595881,Tyler Beede
595885,Greg Bird
595909,Jake Cave
595918,A.J. Cole
595943,Phillip Evans
595956,Cam Gallagher
595963,Tyler Goeddel
595978,Austin Hedges
595981,Scott Heineman
596001,Jakob Junis
596012,Kevin Kramer
596019,Francisco Lindor
596027,Dillon Maples
596035,Reggie McClain
596043,Daniel Mengden
596049,Shawn Morimando
596057,Daniel Norris
596059,Rougned Odor
596064,Henry Owens
596071,Dillon Peters
596074,Bobby Poyner
596101,Justin Shafer
596103,Austin Slater
596105,Dwight Smith Jr
596112,Robert Stephenson
596115,Trevor Story
596117,Garrett Stubbs
596119,Blake Swihart
596129,Daniel Vogelbach
596133,Luke Weaver
596142,Gary Sanchez
596143,Luis Sardinas
596144,Cheslor Cuthbert
596146,Max Kepler
596271,Casey Lawrence
596295,Austin Gomber
596331,Nefi Ogando
596451,Roman Quinn
596720,Dovydas Neverauskas
596748,Maikel Franco
596816,Roberto  Gomez
596825,Robel Garcia
596847,Ji-Man Choi
597113,DJ Johnson
598264,Matt Barnes
598265,Jackie Bradley Jr.
598271,Brian Johnson
598284,Peter O'Brien
598286,Nick Ramirez
598287,Noe Ramirez
599096,Dilson Herrera
599683,Warwick Saupold
599819,Andrew Werner
599899,Yoshinori Tateyama
599998,Leonel Campos
600301,Taylor Motter
600303,Tommy La Stella
600466,Raudy Read
600474,Pedro Severino
600524,Renato Nunez
600526,Jose Torres
600858,Humberto Arteaga
600869,Jeimer Candelario
600887,Miguel Del Pozo
600917,Jose Leclerc
600921,Andres Machado
600944,David Paulino
600965,Ricardo Rodriguez
600968,Randy Rosario
600986,Thyago Vieira
601713,Nick Pivetta
602074,Yonathan Daza
602083,Miguel Almonte
602115,Gabriel Guerrero
602922,Jose Rondon
602928,Felix Jorge
605113,Nick Ahmed
605119,Brian Anderson
605121,Justin Anderson
605125,Cody Asche
605130,Scott Barlow
605131,Austin Barnes
605135,Chris Bassitt
605137,Josh Bell
605141,Mookie Betts
605143,Ray Black
605151,Archie Bradley
605152,Jed Bradley
605154,John Brebbia
605155,Colten Brewer
605156,Aaron Brooks
605164,Dylan Bundy
605169,Carter Capps
605170,Victor Caratini
605177,Andrew Chafin
605182,Mike Clevinger
605183,Jason Coats
605194,Jharel Cotton
605195,Kyle Crick
605196,Kevin Cron
605200,Zach Davies
605204,J.D. Davis
605218,Carl Edwards Jr.
605222,Jake Esch
605226,Andrew Faulkner
605227,Taylor Featherston
605228,Jose Fernandez
605232,Brandon Finnegan
605233,Derek Fisher
605240,Jace Fry
605242,Michael Fulmer
605244,Aramis Garcia
605253,Terrance Gore
605254,Daniel Gossett
605255,Brett Graves
605260,Taylor Guerrieri
605276,David Hess
605280,Clay Holmes
605288,Adrian Houser
605301,Williams Jerez
605304,Erik Johnson
605317,Guido Knudson
605323,Kyle Kubitza
605333,Jack Leathersich
605338,Jacob Lindgren
605347,Jorge Lopez
605357,Mike Marjama
605359,Evan Marshall
605361,Nick Martini
605374,Andrew McKirahan
605388,Adam Morgan
605396,Colton Murray
605397,Joe Musgrove
605400,Aaron Nola
605412,Joe Panik
605421,Michael Perez
605439,Michael Reed
605441,Yacksel Rios
605446,Dereck Rodriguez
605452,Joe Ross
605463,Tayler Scott
605469,Chandler Shepherd
605474,Matt Skole
605476,Carson Smith
605477,Chad Smith
605479,Josh D. Smith
605480,Mallex Smith
605482,Cy Sneed
605483,Blake Snell
605486,Cory Spangenberg
605488,Jeffrey Springs
605490,Bubba Starling
605498,Andrew Suarez
605501,Stephen Tarpley
605508,Charlie Tilson
605509,Kelby Tomlinson
605512,Preston Tucker
605513,Spencer Turnbull
605520,Mitch Walding
605525,J.B. Wendelken
605538,Matt Wisler
605540,Brandon Woodruff
605541,Mike Wright
605548,Bradley Zimmer
605612,Harold Castro
605795,Angel Sanchez
605894,Severino Gonzalez
606115,Orlando Arcia
606131,Luis Perdomo
606132,Raimel Tapia
606149,Giovanny Gallegos
606157,Aristides Aquino
606160,Rafael Montero
606162,Yefry Ramirez
606167,Adalberto Mejia
606192,Teoscar Hernandez
606273,Roenis Elias
606299,Jose Peraza
606424,Jarlin Garcia
606466,Ketel Marte
606478,Pedro Araujo
606625,Reyes Moronta
606930,Jacob Barnes
606944,Cody Carroll
606956,Ryan Court
606959,Rookie Davis
606965,Chris Devenski
606983,Koda Glover
606988,Grayson Greiner
606992,Eric Haase
606995,Justin Hancock
607043,Brandon Nimmo
607054,Jace Peterson
607067,Colin Rea
607074,Carlos Rodon
607162,Onelki Garcia
607188,Jake Faria
607192,Tyler Glasnow
607200,Erick Fedde
607208,Trea Turner
607215,Eric Skoglund
607219,Sal Romano
607223,AJ Reed
607229,Robert Gsellman
607231,John Gant
607237,Amir Garrett
607257,Raffy Lopez
607259,Nick Martinez
607297,O'Koyea Dickson
607309,Phil Klein
607320,Ryan Merritt
607333,Beau Taylor
607345,Kevan Smith
607352,Joe Biagini
607359,Spencer Patton
607369,Travis Taijeron
607374,Nick Tropeano
607385,Tyler Collins
607387,Ryan Rua
607391,Chris Mazza
607430,John Andreoli
607455,Anthony Banda
607457,Kyle Barraclough
607461,Matt Beaty
607468,Alex Blandino
607471,Christopher Bostick
607473,Chasen Bradford
607481,Aaron Bummer
607536,Kyle Freeland
607555,Taylor Guilbeau
607560,Ryne Harper
607572,Sam Howard
607625,Seth Lugo
607644,John Means
607680,Kevin Pillar
607706,Michael Roth
607732,Jacob Stallings
607752,Sam Travis
607755,Andrew Vasquez
607776,Mac Williamson
607968,Drew Rucinski
608032,Carlos Estevez
608061,T.J. Rivera
608070,Jose Ramirez
608167,Jonathan Aro
608324,Alex Bregman
608325,Gavin Cecchini
608328,Chase De Jong
608331,Max Fried
608334,Carson Fulmer
608336,Joey Gallo
608337,Lucas Giolito
608339,Zach Green
608344,Cole Irvin
608348,Carson Kelly
608349,Corey Knebel
608365,Addison Russell
608369,Corey Seager
608371,Lucas Sims
608379,Michael Wacha
608384,Nick Williams
608385,Jesse Winker
608475,Dawel Lugo
608566,German Marquez
608577,Nomar Mazara
608596,Tom Murphy
608597,Ronald Guzman
608601,Luis Santos
608638,JT Chargois
608641,Tim Cooney
608648,Tyler Duffey
608650,Dietrich Enns
608652,Luke Farrell
608654,Johnny Field
608665,Kendall Graveman
608671,Travis Jankowski
608672,Micah Johnson
608678,Dominic Leone
608686,Jack Mayfield
608700,Kevin Plawecki
608701,Rob Refsnyder
608703,Matt Reynolds
608715,Eric Stamets
608716,Drew Steckenrider
608717,Chris Stratton
608718,Brent Suter
608723,Austin Voth
609275,Adalberto Mondesi
609280,Miguel Andujar
611093,Silvino Bracho
611177,Adonis Garcia
612434,Miguel Castro
612672,Wei-Yin Chen
613317,Kyle Bird
613534,Austin Adams
614173,Franchy Cordero
614177,Franmil Reyes
614179,Jose Ruiz
615698,Cal Quantrill
615868,Gerardo Concepcion
620439,Franklin Barreto
620443,Luis Torrens
620446,Richard Urena
620453,Deivy Grullon
620454,Jose Castillo
620982,Ricardo Pinto
621002,Daniel Robertson
621005,Tim Lopes
621006,Richie Martin
621020,Dansby Swanson
621028,Kevin Newman
621035,Chris Taylor
621043,Carlos Correa
621044,Jesmuel Valentin
621052,Alex Reyes
621056,Hunter Wood
621058,Andrew Moore
621078,Brady Lail
621086,James Marvel
621097,Jacob Waguespack
621098,Eric Hanhold
621107,Zach Eflin
621111,Walker Buehler
621112,Paul Blackburn
621114,Ryan Burr
621121,Lance McCullers Jr.
621141,Walker Lockett
621142,Ty Buttrey
621199,Matt Bowman
621209,Jon Moscot
621219,Alec Mills
621237,Jose Alvarado
621242,Edwin Diaz
621244,Jose Berrios
621249,Duane Underwood Jr.
621261,Corey Oswalt
621281,Tyler Wagner
621289,Jaime Schultz
621294,Ben Heller
621295,Nick Wittgren
621311,David Dahl
621350,Caleb Frare
621363,Colin Poche
621366,Ryan Borucki
621368,Taylor Hearn
621381,Matt Strahm
621385,Daniel Stumpf
621389,Ty Blach
621397,Tyler Olson
621408,Matt Marksberry
621433,Brett Phillips
621438,Tyrone Taylor
621439,Byron Buxton
621446,Lewis Brinson
621450,Skye Bolt
621453,Steven Duggar
621458,Edwin Rios
621466,DJ Stewart
621471,Boog Powell
621493,Taylor Ward
621512,Tomas Nido
621514,Christin Stewart
621529,Joe Hudson
621532,Anthony Bemboom
621550,Patrick Wisdom
621559,Max Moroff
621563,Joey Wendle
621566,Matt Olson
621573,Austin Dean
621592,Eduardo Jimenez
621962,Ian Thomas
622046,Chris Shaw
622065,Alex Young
622072,Alex Wood
622075,Yency Almonte
622092,Kyle Zimmer
622097,Jake Thompson
622098,Drew Smith
622103,Gerardo Reyes
622110,Matt Duffy
622161,Eduardo Paredes
622168,Yairo Munoz
622194,Bruce Maxwell
622210,Ian Parmley
622217,Chris O'Grady
622226,Dylan Cozens
622251,Josh Staumont
622253,Dillon Tate
622259,Trey Wingenter
622268,Donnie Walton
622270,Alex Mejia
622382,Gabriel Moya
622441,Rafael Bautista
622446,Jefry Rodriguez
622491,Luis Castillo
622492,Keury Mella
622497,Miguel Gomez
622505,Victor Alcantara
622534,Manuel Margot
622554,Seranthony Dominguez
622569,Pablo Reyes
622608,Antonio Senzatela
622663,Luis Severino
622666,Johan Camargo
622682,Victor Reyes
622694,Elieser Hernandez
622713,Engelb Vielma
622766,Miguel Diaz
622772,Jimmy Cordero
622774,Jose Manuel Fernandez
622783,Sandy Baez
622786,Jesus Tinoco
622795,Yohander Mendez
622797,Pedro Payano
622864,Fernando Romero
623143,Trevor Brown
623149,Paul Sewald
623166,Mike Miller
623167,Chris Flexen
623168,Tyler Heineman
623180,Seth Mejias-Brean
623182,Patrick Kivlehan
623184,Scott Oberg
623205,Andrew Velazquez
623214,Abiatal Avelino
623323,Braden Bishop
623352,Josh Hader
623354,Daniel Zamora
623364,Brad Wieck
623381,Thomas Pannone
623395,Brian Ellington
623402,Tim Peterson
623406,Shae Simmons
623430,Ryan Dull
623433,Nick Anderson
623434,Mike Hauschild
623439,Ryan Garton
623451,Jackson Stephens
623454,Drew Anderson
623465,Evan Phillips
623470,Jake Newberry
623515,Drew Jackson
623520,David Bote
623912,Harold Ramirez
623913,Wei-Chung Wang
623993,Anthony Santander
624133,Ranger Suarez
624407,Tzu-Wei Lin
624413,Pete Alonso
624414,Christian Arroyo
624415,Cavan Biggio
624419,Nick Ciuffo
624424,Michael Conforto
624427,Stephen Gonsalves
624428,Adam Frazier
624431,Jose Trevino
624507,Ryder Jones
624512,Reese McGuire
624513,Dom Nunez
624577,Yasiel Puig
624585,Jorge Soler
624586,James Hoyt
624636,Carlos Tocci
624641,Edmundo Sosa
625329,Henry Urrutia
625510,Erick Mejia
625643,Reynaldo Lopez
626929,Lewis Thorpe
627262,Chris Smith
627500,Jen-Ho Tseng
627894,Luiz Gohara
628317,Kenta Maeda
628318,Kazuhisa Makita
628326,Erisbel Arruebarrena
628329,Rusney Castillo
628333,Odrisamer Despaigne
628336,Jose Miguel Fernandez
628338,Guillermo Heredia
628356,Jung Ho Kang
628452,Raisel Iglesias
628711,Julio Urias
629496,Chih-Wei Hu
630023,Yonny Chirinos
630111,Yasmany Tomas
635903,Chris Rowley
639373,Gerson Bautista
640447,Phillip Ervin
640449,Clint Frazier
640455,Sean Manaea
640457,Austin Meadows
640458,Oscar Mercado
640460,Dustin Peterson
640461,Chad Pinder
640462,A.J. Puk
640463,Braden Shipley
640464,Kohl Stewart
640470,Adbert Alzolay
641149,Wes Parsons
641154,Pablo Lopez
641302,Tyler Alexander
641312,Shaun Anderson
641313,Tim Anderson
641319,Carlos Asuaje
641341,Tyler Bashlor
641343,Jake Bauers
641355,Cody Bellinger
641427,Alan Busenitz
641432,Willie Calhoun
641438,Shane Carle
641470,Zack Collins
641477,Ryan Cordell
641482,Nestor Cortes Jr.
641487,J.P. Crawford
641490,Kyle Crockett
641501,Tyler Danish
641505,Jonathan Davis
641513,Travis Demeritte
641525,Brandon Dixon
641531,Hunter Dozier
641541,Jon Duplantier
641553,Adam Engel
641571,Heath Fillmyer
641583,Dustin Fowler
641584,Jake Fraley
641598,Mitch Garver
641627,Trevor Gott
641645,Luis Guillorme
641658,Garrett Hampson
641684,Michael Hermosillo
641712,Dakota Hudson
641729,Joe Jimenez
641743,Anthony Kay
641745,Brad Keller
641755,Tyler Kinley
641771,Chad Kuhl
641778,Eric Lauer
641786,Kyle Lewis
641793,Zack Littell
641796,Tim Locastro
641816,Tyler Mahle
641820,Trey Mancini
641829,Jason Martin
641835,Tim Mayza
641838,Kevin McCarthy
641850,Kevin McGowan
641851,Kyle McGowin
641853,David McKay
641856,Billy McKinney
641857,Ryan McMahon
641871,Keynan Middleton
641878,Ian Miller
641914,Sheldon Neuse
641924,Jacob Nottingham
641933,Tyler O'Neill
641941,Emilio Pagan
641958,Jordan Patterson
641962,CD Pelham
642003,Cody Reed
642008,Jacob Rhame
642028,Josh Rogers
642067,Mike Shawaryn
642073,Jimmie Sherfy
642082,Chance Sisco
642083,Aaron Slegers
642086,Dominic Smith
642094,Tyler Smith
642098,Glenn Sparkman
642100,Gabe Speier
642133,Rowdy Tellez
642136,Matt Thaiss
642152,Lou Trivino
642156,Stuart Turner
642162,Pat Valaika
642165,Josh VanMeter
642180,Tyler Wade
642207,Devin Williams
642211,Justin Williams
642221,Kean Wong
642226,Matt Wotherspoon
642229,Daniel Wright
642231,Jimmy Yacabonis
642232,Ryan Yarbrough
642233,Eric Yardley
642239,Rob Zastryzny
642336,Francisco Mejia
642397,Gregory Soto
642423,Magneuris Sierra
642528,Jonathan Loaisiga
642545,Jaime Barria
642546,Jonathan Hernandez
642547,Freddy Peralta
642558,Ariel Jurado
642564,Francis Martes
642571,Merandy Gonzalez
642578,Jose Rodriguez
642607,Dario Agrazal
642701,Dennis Santana
642707,Allen Cordoba
642708,Amed Rosario
642715,Willy Adames
642721,Kelvin Gutierrez
642731,Thairo Estrada
642736,Domingo Leyba
642770,Javy Guerra
642840,Joe Harvey
642851,Austin Wynns
643217,Andrew Benintendi
643230,Steven Brault
643256,Adam Cimber
643265,Garrett Cooper
643275,Johnny Davis
643289,Mauricio Dubon
643290,Justin Dunn
643297,Cody Ege
643316,Paul Fry
643320,Nick Gardewine
643325,Chad Girodo
643327,Zack Godley
643329,Brad Goldberg
643335,Zack Granite
643338,Chad Green
643354,Donnie Hart
643376,Danny Jansen
643393,Tony Kemp
643396,Isiah Kiner-Falefa
643410,Mark Leiter Jr.
643414,Kyle Lloyd
643418,Shed Long
643436,Ryan McBroom
643446,Jeff McNeil
643466,Harrison Musgrave
643478,Joe Palumbo
643493,Austin Pruitt
643524,Frank Schwindel
643550,Layne Somsen
643565,Mike Tauchman
643603,Tyler White
643615,T.J. Zeuch
643617,Zac Reininger
643778,Tyler Webb
644337,Nate Orf
644364,Victor Arano
644374,Yu Chang
644428,Troy Scribner
645261,Sandy Alcantara
645277,Ozzie Albies
645302,Victor Robles
645801,Mike Ford
645848,Dariel Alvarez
646057,Miguel Alfredo Gonzalez
646240,Rafael Devers
647304,Josh Naylor
647336,Mike Soroka
647351,Abraham Toro
648717,Alex Guerrero
648737,Dalier Hinojosa
649557,Aledmys Diaz
649966,Luis Urias
650333,Luis Arraez
650382,Darwinzon Hernandez
650391,Eloy Jimenez
650402,Gleyber Torres
650489,Willi Castro
650490,Yandy Diaz
650556,Bryan Abreu
650619,Meibrys Viloria
650644,Aaron Civale
650671,Jose Quijada
650813,Luis Escobar
650828,Edgar Santana
650859,Luis Rengifo
650893,Genesis Cabrera
650895,Diego Castillo
656185,Greg Allen
656186,Dan Altavilla
656222,Jalen Beeks
656252,Bobby Bradley
656257,Jeff Brigham
656271,Brock Burke
656288,Griffin Canning
656302,Dylan Cease
656305,Matt Chapman
656308,Michael Chavis
656322,Sam Coonrod
656354,Austin Davis
656371,Isan Diaz
656427,Jack Flaherty
656464,Kevin Ginkel
656514,Adam Haseley
656541,Sam Hilliard
656546,Jeff Hoffman
656547,Jonathan Holder
656555,Rhys Hoskins
656577,Alex Jackson
656582,Connor Joe
656605,Mitch Keller
656629,Michael Kopech
656669,Jordan Luplow
656685,Brett Martin
656686,Corbin Martin
656713,Brendan McKay
656725,Alex McRae
656738,Ben Meyer
656756,Jordan Montgomery
656775,Cedric Mullins
656794,Sean Newcomb
656798,Jacob Nix
656803,James Norwood
656805,Trevor Oaks
656811,Ryan O'Hearn
656814,Luis Ortiz
656887,Sean Reid-Foley
656941,Kyle Schwarber
656945,Tanner Scott
656954,Justus Sheffield
656970,Devin Smeltzer
656977,Chad Sobotka
657024,Erik Swanson
657031,Josh Taylor
657041,Lane Thomas
657053,Touki Toussaint
657061,Cole Tucker
657077,Alex Verdugo
657097,Jacob Webb
657117,Austen Williams
657140,Kyle Wright
657141,Jordan Yamamoto
657145,Mark Zagunis
657205,Zac Curtis
657228,Jake Jewell
657277,Logan Webb
657434,Brian O'Grady
657524,John Bormann
657557,Paul DeJong
657566,Montana DuRapau
657571,Caleb Ferguson
657585,Reed Garrett
657610,Trevor Hildenberger
657612,Tim Hill
657624,Josh James
657656,Ramon Laureano
657658,Braxton Lee
657670,Greg Mahle
657681,Kyle McGrath
657786,Jerry Vasto
658069,Josh Fuentes
658305,Edgar Garcia
658551,Junior Fernandez
658648,Pedro Avila
658791,Wei-Chieh Huang
658792,Aaron Wilkerson
659275,Dinelson Lamet
660162,Yoan Moncada
660271,Shohei Ohtani
660494,Rogelio Armenteros
660546,Yennsy Diaz
660670,Ronald Acuna Jr.
660761,Jose Suarez
660853,Enyel De Los Santos
661255,Yoan Lopez
661403,Emmanuel Clase
663423,Trent Thornton
663432,Tanner Rainey
663465,Kolby Allard
663531,Logan Allen
663538,Nico Hoerner
663567,Peter Lambert
663586,Austin Riley
663656,Kyle Tucker
663757,Trent Grisham
663776,Patrick Sandoval
663855,Jordan Hicks
663898,Brendan Rodgers
663978,Chris Paddack
663992,Richard Lovelady
663993,Nate Lowe
664023,Ian Happ
664028,Brett Kennedy
664034,Ty France
664040,Brandon Lowe
664041,Jaylin Davis
664042,Travis Lakins
664045,Tom Eshelman
664054,Cody Stashak
664056,Harrison Bader
664057,Andrew Stevenson
664058,David Fletcher
664059,Sam Haggerty
664062,Tony Gonsolin
664068,Scott Kingery
664119,Austin Allen
664126,Peter Fairbanks
664129,Geoff Hartlieb
664139,Ian Gibaut
664157,Travis Bergen
664167,Blake Trahan
664180,Matt Hall
664192,Joey Lucchesi
664196,Tanner Anderson
664199,Taylor Clarke
664208,Phil Maton
664238,Dylan Moore
664247,Kyle Garlick
664285,Framber Valdez
664353,Jose Urquidy
664641,Ariel Miranda
664682,Ryan Meisinger
664701,Ben Taylor
664702,Myles Straw
664774,LaMonte Wade Jr
664842,Kevin Kaczmarski
664854,Ryan Helsley
664856,Chance Adams
664869,P.J. Conlon
664871,Kyle Dowdy
664874,Seby Zavala
664901,Danny Mendick
664913,Seth Brown
664926,Nick Dini
665001,Trevor Kelley
665093,Zac Grotz
665120,Jared Walsh
665487,Fernando Tatis Jr.
665489,Vladimir Guerrero Jr.
665742,Juan Soto
666158,Gavin Lux
666182,Bo Bichette
666198,Carter Kieboom
666560,ByungHo Park
666561,Jae-Gyun Hwang
666969,Adolis Garcia
666971,Lourdes Gurriel Jr.
667498,Robert Dugger
668227,Randy Arozarena
668663,Tres Barrera
668670,Jake Rogers
668676,Zach Plesac
668678,Zac Gallen
668683,Jeremy Walker
668800,Andrew Knizner
668804,Bryan Reynolds
668942,Josh Rojas
669060,Bryse Wilson
669160,Dustin May
669203,Corbin Burnes
669214,Conner Menez
669221,Sean Murphy
669222,Nick Senzel
669242,Tommy Edman
669256,Nick Solak
669257,Will Smith
669270,Joel Kuhnel
669374,Keston Hiura
669456,Shane Bieber
669720,Austin Hays
669738,Jake Noll
670032,Nicky Lopez
670036,Matt Festa
670167,John Schreiber
670329,Rico Garcia
670456,JD Hammer
670541,Yordan Alvarez
670712,Michael Brosseau
670950,Trevor Richards
670970,Adrian Morejon
671790,Ronald Bolanos
672335,Cionel Perez
672773,Elvis Luciano
673258,Michel Baez
673633,Yoshihisa Hirano
676606,Nick Margevicius
677976,Randy Dobnak
